Type,Date,Part of a policing operation,Policing operation,Latitude,Longitude,Gender,Age range,Self-defined ethnicity,Officer-defined ethnicity,Legislation,Object of search,Outcome,Outcome linked to object of search,Removal of more than just outer clothing
Person search,2017-07-01T01:14:00+00:00,,,52.619119,-1.705221,Male,10-17,Other ethnic group - Not stated,,Police and Criminal Evidence Act 1984 (section 1),Stolen goods,Nothing found - no further action,,False
Person search,2017-07-01T01:27:00+00:00,,,52.621663,-1.705396,Male,10-17,White - English/Welsh/Scottish/Northern Irish/British,White,Police and Criminal Evidence Act 1984 (section 1),Stolen goods,Local resolution,True,False
Person search,2017-07-01T15:28:00+00:00,,,52.635493,-1.692507,Male,25-34,White - English/Welsh/Scottish/Northern Irish/British,White,Misuse of Drugs Act 1971 (section 23),Controlled drugs,Nothing found - no further action,,False
Person search,2017-07-01T16:00:00+00:00,,,52.620570,-2.180358,Male,10-17,White - English/Welsh/Scottish/Northern Irish/British,White,Police and Criminal Evidence Act 1984 (section 1),,Suspect arrested,False,False
Person search,2017-07-01T23:52:00+00:00,,,52.804198,-1.634329,Male,18-24,Asian/Asian British - Pakistani,Asian,Police and Criminal Evidence Act 1984 (section 1),Offensive weapons,Local resolution,True,False
Person search,2017-07-02T00:21:00+00:00,,,,,Male,over 34,White - English/Welsh/Scottish/Northern Irish/British,White,Police and Criminal Evidence Act 1984 (section 1),Article for use in theft,Nothing found - no further action,,False
Person search,2017-07-02T19:04:00+00:00,,,,,Male,18-24,White - English/Welsh/Scottish/Northern Irish/British,White,Misuse of Drugs Act 1971 (section 23),Controlled drugs,Local resolution,True,False
Person search,2017-07-02T20:46:00+00:00,,,53.013970,-2.137489,Male,over 34,White - English/Welsh/Scottish/Northern Irish/British,White,Police and Criminal Evidence Act 1984 (section 1),Offensive weapons,Nothing found - no further action,,False
Vehicle search,2017-07-02T22:15:00+00:00,,,52.685505,-2.045919,Other,,White - English/Welsh/Scottish/Northern Irish/British,,Police and Criminal Evidence Act 1984 (section 1),Offensive weapons,Nothing found - no further action,,
Person search,2017-07-03T02:40:00+00:00,,,52.685505,-2.045919,Male,18-24,Mixed/Multiple ethnic groups - White and Black Caribbean,Black,Police and Criminal Evidence Act 1984 (section 1),Offensive weapons,Nothing found - no further action,,False
Person search,2017-07-03T02:51:00+00:00,,,52.685505,-2.045919,Male,18-24,White - English/Welsh/Scottish/Northern Irish/British,White,Police and Criminal Evidence Act 1984 (section 1),Offensive weapons,Nothing found - no further action,,False
Person search,2017-07-03T15:43:00+00:00,,,53.046559,-2.198393,Other,,Other ethnic group - Not stated,,Police and Criminal Evidence Act 1984 (section 1),Stolen goods,Suspect arrested,True,False
Person search,2017-07-03T17:00:00+00:00,,,,,Male,10-17,White - English/Welsh/Scottish/Northern Irish/British,White,Police and Criminal Evidence Act 1984 (section 1),Stolen goods,Nothing found - no further action,,False
Person search,2017-07-03T17:00:00+00:00,,,53.058724,-2.179425,Other,,Other ethnic group - Not stated,,Police and Criminal Evidence Act 1984 (section 1),Stolen goods,Nothing found - no further action,,False
Person search,2017-07-03T17:00:00+00:00,,,53.058724,-2.179425,Other,,Other ethnic group - Not stated,,Police and Criminal Evidence Act 1984 (section 1),Stolen goods,Nothing found - no further action,,False
Person search,2017-07-03T17:00:00+00:00,,,53.058724,-2.179425,Male,18-24,Asian/Asian British - Pakistani,Asian,Police and Criminal Evidence Act 1984 (section 1),Stolen goods,Suspect arrested,False,False
Person search,2017-07-03T20:15:00+00:00,,,53.050752,-2.190520,Male,10-17,Other ethnic group - Not stated,Asian,Police and Criminal Evidence Act 1984 (section 1),Offensive weapons,Nothing found - no further action,,False
Person search,2017-07-03T20:59:00+00:00,,,53.050752,-2.190520,Other,,Other ethnic group - Not stated,,Police and Criminal Evidence Act 1984 (section 1),Offensive weapons,Nothing found - no further action,,False
Person search,2017-07-03T21:05:00+00:00,,,53.050752,-2.190520,Other,,Other ethnic group - Not stated,,Police and Criminal Evidence Act 1984 (section 1),Offensive weapons,Nothing found - no further action,,False
Person search,2017-07-03T21:13:00+00:00,,,53.050752,-2.190520,Other,,Other ethnic group - Not stated,,Police and Criminal Evidence Act 1984 (section 1),Offensive weapons,Nothing found - no further action,,False
Person search,2017-07-03T21:17:00+00:00,,,53.050752,-2.190520,Other,,Other ethnic group - Not stated,,Police and Criminal Evidence Act 1984 (section 1),Offensive weapons,Nothing found - no further action,,False
Person search,2017-07-03T21:20:00+00:00,,,53.050752,-2.190520,Male,10-17,Other ethnic group - Not stated,White,Police and Criminal Evidence Act 1984 (section 1),Offensive weapons,Nothing found - no further action,,False
Person search,2017-07-03T22:34:00+00:00,,,52.668124,-1.927958,Male,25-34,White - English/Welsh/Scottish/Northern Irish/British,White,Police and Criminal Evidence Act 1984 (section 1),Article for use in theft,Nothing found - no further action,,False
Person and Vehicle search,2017-07-04T13:42:00+00:00,,,52.805055,-2.105470,Male,18-24,Asian/Asian British - Pakistani,,Misuse of Drugs Act 1971 (section 23),Controlled drugs,Nothing found - no further action,,False
Person search,2017-07-04T22:30:00+00:00,,,53.034645,-2.252514,Male,10-17,White - English/Welsh/Scottish/Northern Irish/British,White,Misuse of Drugs Act 1971 (section 23),Controlled drugs,Local resolution,True,False
Person search,2017-07-04T22:30:00+00:00,,,53.034645,-2.252514,Male,18-24,White - English/Welsh/Scottish/Northern Irish/British,White,Misuse of Drugs Act 1971 (section 23),Controlled drugs,Local resolution,True,False
Person search,2017-07-04T22:30:00+00:00,,,53.034645,-2.252514,Male,18-24,White - English/Welsh/Scottish/Northern Irish/British,White,Misuse of Drugs Act 1971 (section 23),Controlled drugs,Local resolution,True,False
Person search,2017-07-04T23:45:00+00:00,,,52.788972,-2.084271,Other,,White - English/Welsh/Scottish/Northern Irish/British,,Police and Criminal Evidence Act 1984 (section 1),Controlled drugs,Nothing found - no further action,,False
Person and Vehicle search,2017-07-05T00:00:00+00:00,,,52.785431,-2.082292,Male,18-24,White - English/Welsh/Scottish/Northern Irish/British,White,Misuse of Drugs Act 1971 (section 23),Controlled drugs,Local resolution,True,False
Person search,2017-07-05T00:00:00+00:00,,,52.788972,-2.084271,Other,,White - English/Welsh/Scottish/Northern Irish/British,,Misuse of Drugs Act 1971 (section 23),Controlled drugs,Nothing found - no further action,,False
Vehicle search,2017-07-05T10:35:00+00:00,,,52.974856,-1.989564,Male,over 34,White - Any other White background,White,Police and Criminal Evidence Act 1984 (section 1),Stolen goods,Nothing found - no further action,,
Person search,2017-07-05T10:55:00+00:00,,,52.633893,-1.696242,Male,25-34,White - English/Welsh/Scottish/Northern Irish/British,White,Police and Criminal Evidence Act 1984 (section 1),,Local resolution,True,False
Person and Vehicle search,2017-07-05T13:30:00+00:00,,,,,Male,18-24,White - English/Welsh/Scottish/Northern Irish/British,White,Misuse of Drugs Act 1971 (section 23),Controlled drugs,Local resolution,True,False
Vehicle search,2017-07-06T13:00:00+00:00,,,,,Other,,,,Misuse of Drugs Act 1971 (section 23),Controlled drugs,Nothing found - no further action,,
Person search,2017-07-06T13:00:00+00:00,,,52.806513,-2.113825,Other,,White - English/Welsh/Scottish/Northern Irish/British,,Misuse of Drugs Act 1971 (section 23),Controlled drugs,Nothing found - no further action,,False
Person search,2017-07-06T13:00:00+00:00,,,52.821424,-1.643860,Male,25-34,Asian/Asian British - Pakistani,Asian,Misuse of Drugs Act 1971 (section 23),Controlled drugs,Nothing found - no further action,,False
Person search,2017-07-06T13:00:00+00:00,,,52.821424,-1.643860,Other,,Other ethnic group - Not stated,,Misuse of Drugs Act 1971 (section 23),Controlled drugs,Nothing found - no further action,,False
Person search,2017-07-06T23:50:00+00:00,,,,,Male,25-34,Other ethnic group - Not stated,White,Misuse of Drugs Act 1971 (section 23),Controlled drugs,Nothing found - no further action,,False
Person search,2017-07-07T13:15:00+00:00,,,52.807221,-1.643961,Male,10-17,White - English/Welsh/Scottish/Northern Irish/British,White,Misuse of Drugs Act 1971 (section 23),Controlled drugs,Suspect arrested,True,False
Person search,2017-07-07T16:25:00+00:00,,,52.944320,-2.190543,Male,18-24,,Other,Misuse of Drugs Act 1971 (section 23),Controlled drugs,Nothing found - no further action,,False
Person search,2017-07-07T16:26:00+00:00,,,,,Male,over 34,Other ethnic group - Not stated,Asian,Misuse of Drugs Act 1971 (section 23),Controlled drugs,Nothing found - no further action,,False
Person search,2017-07-07T16:45:00+00:00,,,,,Male,18-24,Other ethnic group - Not stated,White,Misuse of Drugs Act 1971 (section 23),Controlled drugs,Nothing found - no further action,,False
Person and Vehicle search,2017-07-07T20:45:00+00:00,,,53.019035,-2.232552,Male,18-24,White - Any other White background,White,Misuse of Drugs Act 1971 (section 23),Controlled drugs,Suspect arrested,True,False
Person search,2017-07-07T22:13:00+00:00,,,,,Male,over 34,White - English/Welsh/Scottish/Northern Irish/British,White,Misuse of Drugs Act 1971 (section 23),Controlled drugs,Nothing found - no further action,,False
Person search,2017-07-07T23:01:00+00:00,,,,,Male,18-24,White - English/Welsh/Scottish/Northern Irish/British,White,Misuse of Drugs Act 1971 (section 23),Controlled drugs,Nothing found - no further action,,False
Person search,2017-07-07T23:24:00+00:00,,,,,Male,over 34,Asian/Asian British - Pakistani,Asian,Misuse of Drugs Act 1971 (section 23),Controlled drugs,Nothing found - no further action,,False
Person search,2017-07-08T08:38:00+00:00,,,,,Male,over 34,Other ethnic group - Not stated,White,Misuse of Drugs Act 1971 (section 23),Controlled drugs,Nothing found - no further action,,False
Person search,2017-07-08T17:09:00+00:00,,,52.825834,-1.645650,Other,,Other ethnic group - Not stated,,Misuse of Drugs Act 1971 (section 23),Controlled drugs,Nothing found - no further action,,False
Person search,2017-07-09T01:06:00+00:00,,,52.898118,-1.863776,Male,over 34,White - English/Welsh/Scottish/Northern Irish/British,White,Police and Criminal Evidence Act 1984 (section 1),Controlled drugs,Suspect arrested,True,False
Person search,2017-07-09T12:49:00+00:00,,,52.683938,-1.824931,Male,25-34,White - English/Welsh/Scottish/Northern Irish/British,White,Police and Criminal Evidence Act 1984 (section 1),Article for use in theft,Nothing found - no further action,,False
Person search,2017-07-09T18:39:00+00:00,,,53.021094,-2.180789,Male,25-34,Asian/Asian British - Pakistani,,Police and Criminal Evidence Act 1984 (section 1),Offensive weapons,Nothing found - no further action,,False
Person and Vehicle search,2017-07-09T18:51:00+00:00,,,53.021922,-2.179853,Male,25-34,Asian/Asian British - Pakistani,,Police and Criminal Evidence Act 1984 (section 1),Offensive weapons,Nothing found - no further action,,False
Person and Vehicle search,2017-07-09T19:00:00+00:00,,,53.021922,-2.179853,Male,18-24,Asian/Asian British - Pakistani,,Police and Criminal Evidence Act 1984 (section 1),Offensive weapons,Nothing found - no further action,,False
Person search,2017-07-10T01:10:00+00:00,,,52.685089,-1.825430,Other,,Other ethnic group - Not stated,,Misuse of Drugs Act 1971 (section 23),Controlled drugs,Nothing found - no further action,,False
Person search,2017-07-10T05:46:00+00:00,,,52.672530,-1.813353,Male,25-34,Other ethnic group - Not stated,White,Police and Criminal Evidence Act 1984 (section 1),Article for use in theft,Nothing found - no further action,,False
Person and Vehicle search,2017-07-10T15:00:00+00:00,,,52.811368,-2.152411,Other,,White - English/Welsh/Scottish/Northern Irish/British,,Misuse of Drugs Act 1971 (section 23),Controlled drugs,Local resolution,True,False
Person and Vehicle search,2017-07-10T15:00:00+00:00,,,52.811368,-2.152411,Male,18-24,Other ethnic group - Not stated,White,Misuse of Drugs Act 1971 (section 23),Controlled drugs,Local resolution,True,False
Person and Vehicle search,2017-07-10T15:00:00+00:00,,,52.811368,-2.152411,Other,,White - English/Welsh/Scottish/Northern Irish/British,,Misuse of Drugs Act 1971 (section 23),Controlled drugs,Local resolution,True,False
Person search,2017-07-10T18:40:00+00:00,,,52.675744,-1.828440,Male,25-34,Other ethnic group - Not stated,,Misuse of Drugs Act 1971 (section 23),Controlled drugs,Nothing found - no further action,,False
Person search,2017-07-10T18:40:00+00:00,,,52.675744,-1.828440,Male,25-34,Black/African/Caribbean/Black British - Any other Black/African/Caribbean background,Black,Misuse of Drugs Act 1971 (section 23),Controlled drugs,Nothing found - no further action,,False
Person search,2017-07-10T23:04:00+00:00,,,52.967418,-2.055734,Male,10-17,White - English/Welsh/Scottish/Northern Irish/British,White,Misuse of Drugs Act 1971 (section 23),Controlled drugs,Suspect arrested,True,False
Vehicle search,2017-07-10T23:54:00+00:00,,,53.015053,-2.186711,Other,,Other ethnic group - Not stated,,Misuse of Drugs Act 1971 (section 23),Controlled drugs,Nothing found - no further action,,
Person and Vehicle search,2017-07-11T10:15:00+00:00,,,,,Male,over 34,White - English/Welsh/Scottish/Northern Irish/British,White,Misuse of Drugs Act 1971 (section 23),Controlled drugs,Nothing found - no further action,,False
Person search,2017-07-11T11:05:00+00:00,,,,,Male,25-34,White - Irish,White,Police and Criminal Evidence Act 1984 (section 1),Article for use in theft,Nothing found - no further action,,False
Person search,2017-07-11T11:40:00+00:00,,,52.681783,-1.826508,Male,18-24,White - English/Welsh/Scottish/Northern Irish/British,,Police and Criminal Evidence Act 1984 (section 1),Stolen goods,Nothing found - no further action,,False
Person and Vehicle search,2017-07-11T20:39:00+00:00,,,,,Male,18-24,White - English/Welsh/Scottish/Northern Irish/British,,Misuse of Drugs Act 1971 (section 23),Controlled drugs,Nothing found - no further action,,False
Person and Vehicle search,2017-07-11T23:10:00+00:00,,,,,Male,18-24,White - English/Welsh/Scottish/Northern Irish/British,White,Misuse of Drugs Act 1971 (section 23),Controlled drugs,Nothing found - no further action,,False
Person search,2017-07-11T23:10:00+00:00,,,53.036895,-2.229024,Other,,Other ethnic group - Not stated,,Misuse of Drugs Act 1971 (section 23),Controlled drugs,Local resolution,True,False
Person search,2017-07-11T23:10:00+00:00,,,53.036895,-2.229024,Male,18-24,Mixed/Multiple ethnic groups - White and Black Caribbean,Black,Misuse of Drugs Act 1971 (section 23),Controlled drugs,Nothing found - no further action,,False
Person and Vehicle search,2017-07-12T00:30:00+00:00,,,,,Other,,,,Misuse of Drugs Act 1971 (section 23),Controlled drugs,Nothing found - no further action,,False
Person and Vehicle search,2017-07-12T10:28:00+00:00,,,,,Other,,,,Misuse of Drugs Act 1971 (section 23),Controlled drugs,Nothing found - no further action,,False
Vehicle search,2017-07-12T13:47:00+00:00,,,53.004877,-2.181123,Female,over 34,Other ethnic group - Not stated,,Misuse of Drugs Act 1971 (section 23),Controlled drugs,Nothing found - no further action,,
Person search,2017-07-12T18:10:00+00:00,,,52.678474,-1.931683,Male,18-24,White - English/Welsh/Scottish/Northern Irish/British,White,Police and Criminal Evidence Act 1984 (section 1),Offensive weapons,Nothing found - no further action,,False
Person search,2017-07-12T18:15:00+00:00,,,52.678474,-1.931683,Male,18-24,White - English/Welsh/Scottish/Northern Irish/British,White,Police and Criminal Evidence Act 1984 (section 1),Offensive weapons,Nothing found - no further action,,False
Vehicle search,2017-07-13T00:15:00+00:00,,,,,Other,,Other ethnic group - Not stated,,Misuse of Drugs Act 1971 (section 23),Controlled drugs,Nothing found - no further action,,
Person search,2017-07-13T00:39:00+00:00,,,52.974978,-2.086063,Other,,Other ethnic group - Not stated,,Police and Criminal Evidence Act 1984 (section 1),Stolen goods,Nothing found - no further action,,False
Person search,2017-07-13T01:35:00+00:00,,,,,Male,25-34,Asian/Asian British - Any other Asian background,Asian,Police and Criminal Evidence Act 1984 (section 1),Stolen goods,Nothing found - no further action,,False
Person search,2017-07-13T09:36:00+00:00,,,,,Other,,,,Police and Criminal Evidence Act 1984 (section 1),Offensive weapons,Suspect arrested,True,False
Person search,2017-07-13T12:22:00+00:00,,,52.822688,-1.654950,Male,25-34,White - Any other White background,,Criminal Justice Act 1988 (section 139B),Stolen goods,Nothing found - no further action,,False
Person search,2017-07-13T14:46:00+00:00,,,52.810242,-1.641252,Male,25-34,White - Any other White background,White,Misuse of Drugs Act 1971 (section 23),Controlled drugs,Nothing found - no further action,,False
Person and Vehicle search,2017-07-13T17:00:00+00:00,,,52.701620,-2.028459,Male,25-34,White - English/Welsh/Scottish/Northern Irish/British,White,Misuse of Drugs Act 1971 (section 23),Controlled drugs,Suspect arrested,True,False
Person search,2017-07-13T17:10:00+00:00,,,53.057408,-2.204381,Male,over 34,White - English/Welsh/Scottish/Northern Irish/British,White,Police and Criminal Evidence Act 1984 (section 1),Stolen goods,Nothing found - no further action,,False
Person search,2017-07-13T18:00:00+00:00,,,52.643199,-1.700257,Other,,Other ethnic group - Not stated,,Police and Criminal Evidence Act 1984 (section 1),Offensive weapons,Nothing found - no further action,,False
Person and Vehicle search,2017-07-14T00:09:00+00:00,,,52.977906,-2.110657,Other,,Other ethnic group - Not stated,,Misuse of Drugs Act 1971 (section 23),Controlled drugs,Local resolution,True,False
Person search,2017-07-14T15:15:00+00:00,,,52.779372,-2.114999,Male,over 34,White - English/Welsh/Scottish/Northern Irish/British,White,Police and Criminal Evidence Act 1984 (section 1),,Nothing found - no further action,,False
Person search,2017-07-14T17:30:00+00:00,,,52.664394,-2.028849,Male,18-24,White - English/Welsh/Scottish/Northern Irish/British,White,Misuse of Drugs Act 1971 (section 23),Controlled drugs,Nothing found - no further action,,False
Person search,2017-07-14T19:15:00+00:00,,,53.040310,-2.204628,Other,,Other ethnic group - Not stated,,Police and Criminal Evidence Act 1984 (section 1),Offensive weapons,Nothing found - no further action,,False
Person search,2017-07-14T19:20:00+00:00,,,53.040310,-2.204628,Male,18-24,Other ethnic group - Not stated,White,Police and Criminal Evidence Act 1984 (section 1),Offensive weapons,Nothing found - no further action,,False
Person search,2017-07-14T19:30:00+00:00,,,52.802615,-1.640039,Male,10-17,Asian/Asian British - Pakistani,Asian,Police and Criminal Evidence Act 1984 (section 1),Offensive weapons,Nothing found - no further action,,False
Person search,2017-07-14T22:29:00+00:00,,,52.622254,-1.730889,Other,,Other ethnic group - Not stated,,Police and Criminal Evidence Act 1984 (section 1),Offensive weapons,Nothing found - no further action,,False
Person search,2017-07-14T23:35:00+00:00,,,53.032825,-2.217879,Male,10-17,White - English/Welsh/Scottish/Northern Irish/British,White,Police and Criminal Evidence Act 1984 (section 1),Offensive weapons,Suspect arrested,False,False
Person search,2017-07-15T01:26:00+00:00,,,52.759143,-1.881917,Male,18-24,White - English/Welsh/Scottish/Northern Irish/British,White,Police and Criminal Evidence Act 1984 (section 1),Article for use in theft,Nothing found - no further action,,False
Person and Vehicle search,2017-07-15T07:07:00+00:00,,,53.018246,-2.167585,Male,over 34,White - English/Welsh/Scottish/Northern Irish/British,,Misuse of Drugs Act 1971 (section 23),Controlled drugs,Nothing found - no further action,,False
Person search,2017-07-15T10:00:00+00:00,,,52.804198,-1.634329,Male,over 34,Other ethnic group - Not stated,,Criminal Justice Act 1988 (section 139B),Stolen goods,Nothing found - no further action,,False
Person search,2017-07-17T00:45:00+00:00,,,53.058888,-2.189571,Male,10-17,Asian/Asian British - Any other Asian background,Asian,Police and Criminal Evidence Act 1984 (section 1),Offensive weapons,Nothing found - no further action,,False
Person search,2017-07-17T12:00:00+00:00,,,52.968705,-2.106851,Male,25-34,White - English/Welsh/Scottish/Northern Irish/British,,Misuse of Drugs Act 1971 (section 23),Controlled drugs,Local resolution,True,False
Person and Vehicle search,2017-07-17T15:00:00+00:00,,,53.023394,-2.250868,Other,,Other ethnic group - Not stated,,Misuse of Drugs Act 1971 (section 23),Controlled drugs,Suspect summonsed to court,,False
Person and Vehicle search,2017-07-17T15:30:00+00:00,,,53.062094,-2.167994,Male,18-24,Other ethnic group - Not stated,White,Misuse of Drugs Act 1971 (section 23),Controlled drugs,Nothing found - no further action,,False
Person and Vehicle search,2017-07-17T21:44:00+00:00,,,53.037425,-2.188001,Male,18-24,Asian/Asian British - Pakistani,Asian,Police and Criminal Evidence Act 1984 (section 1),Offensive weapons,Nothing found - no further action,,False
Person search,2017-07-17T21:46:00+00:00,,,53.036915,-2.186537,Male,25-34,Asian/Asian British - Pakistani,Asian,Police and Criminal Evidence Act 1984 (section 1),Offensive weapons,Nothing found - no further action,,False
Person search,2017-07-17T21:55:00+00:00,,,53.037425,-2.188001,Male,18-24,Asian/Asian British - Pakistani,Asian,Police and Criminal Evidence Act 1984 (section 1),Offensive weapons,Nothing found - no further action,,False
Person search,2017-07-17T23:50:00+00:00,,,52.529752,-2.198441,Female,10-17,White - English/Welsh/Scottish/Northern Irish/British,White,Misuse of Drugs Act 1971 (section 23),Controlled drugs,Nothing found - no further action,,False
Person search,2017-07-17T23:50:00+00:00,,,52.529752,-2.198441,Other,,White - English/Welsh/Scottish/Northern Irish/British,,Misuse of Drugs Act 1971 (section 23),Controlled drugs,Nothing found - no further action,,False
Person search,2017-07-17T23:50:00+00:00,,,52.529752,-2.198441,Other,,White - English/Welsh/Scottish/Northern Irish/British,,Misuse of Drugs Act 1971 (section 23),Controlled drugs,Nothing found - no further action,,False
Person and Vehicle search,2017-07-17T23:50:00+00:00,,,52.529752,-2.198441,Other,,White - English/Welsh/Scottish/Northern Irish/British,,Misuse of Drugs Act 1971 (section 23),Controlled drugs,Nothing found - no further action,,False
Person and Vehicle search,2017-07-18T08:49:00+00:00,,,,,Male,18-24,White - English/Welsh/Scottish/Northern Irish/British,,Misuse of Drugs Act 1971 (section 23),Controlled drugs,Nothing found - no further action,,False
Person and Vehicle search,2017-07-18T10:10:00+00:00,,,,,Male,18-24,Black/African/Caribbean/Black British - Caribbean,,Police and Criminal Evidence Act 1984 (section 1),Stolen goods,Suspect arrested,False,False
Person search,2017-07-18T16:14:00+00:00,,,52.678952,-1.907337,Male,over 34,White - English/Welsh/Scottish/Northern Irish/British,White,Police and Criminal Evidence Act 1984 (section 1),Stolen goods,Nothing found - no further action,,False
Person search,2017-07-19T16:59:00+00:00,,,52.686132,-2.024159,Male,10-17,White - English/Welsh/Scottish/Northern Irish/British,White,Misuse of Drugs Act 1971 (section 23),Controlled drugs,Nothing found - no further action,,False
Person search,2017-07-19T17:07:00+00:00,,,52.686132,-2.024159,Other,,White - English/Welsh/Scottish/Northern Irish/British,,Misuse of Drugs Act 1971 (section 23),Controlled drugs,Nothing found - no further action,,False
Person search,2017-07-19T17:12:00+00:00,,,52.686132,-2.024159,Male,10-17,White - English/Welsh/Scottish/Northern Irish/British,,Misuse of Drugs Act 1971 (section 23),Controlled drugs,Nothing found - no further action,,False
Person search,2017-07-19T19:02:00+00:00,,,53.014146,-2.197230,Male,18-24,White - English/Welsh/Scottish/Northern Irish/British,White,Police and Criminal Evidence Act 1984 (section 1),Stolen goods,Nothing found - no further action,,False
Person search,2017-07-19T19:07:00+00:00,,,53.014146,-2.197230,Male,10-17,White - English/Welsh/Scottish/Northern Irish/British,White,Police and Criminal Evidence Act 1984 (section 1),Stolen goods,Nothing found - no further action,,False
Person and Vehicle search,2017-07-20T14:37:00+00:00,,,53.049018,-2.184441,Other,,Other ethnic group - Not stated,,Misuse of Drugs Act 1971 (section 23),Controlled drugs,Suspect summonsed to court,,False
Person search,2017-07-20T21:03:00+00:00,,,52.811933,-1.644709,Other,,Other ethnic group - Not stated,,Police and Criminal Evidence Act 1984 (section 1),Offensive weapons,Nothing found - no further action,,False
Person search,2017-07-21T03:06:00+00:00,,,52.643199,-1.700257,Male,18-24,White - English/Welsh/Scottish/Northern Irish/British,White,Police and Criminal Evidence Act 1984 (section 1),Stolen goods,Local resolution,True,False
Person search,2017-07-21T05:01:00+00:00,,,53.036573,-2.192381,Other,,Other ethnic group - Not stated,,Misuse of Drugs Act 1971 (section 23),Controlled drugs,Nothing found - no further action,,False
Vehicle search,2017-07-21T12:34:00+00:00,,,,,Other,,,,Firearms Act 1968 (section 47),Firearms,Nothing found - no further action,,
Person search,2017-07-21T12:45:00+00:00,,,52.803703,-1.611639,Male,25-34,White - English/Welsh/Scottish/Northern Irish/British,White,Firearms Act 1968 (section 47),Firearms,Nothing found - no further action,,False
Person search,2017-07-21T13:45:00+00:00,,,52.797570,-2.101640,Male,over 34,Black/African/Caribbean/Black British - Caribbean,,Misuse of Drugs Act 1971 (section 23),Controlled drugs,Nothing found - no further action,,False
Person search,2017-07-21T13:45:00+00:00,,,52.806513,-2.113825,Male,10-17,Black/African/Caribbean/Black British - Caribbean,,Misuse of Drugs Act 1971 (section 23),Controlled drugs,Nothing found - no further action,,False
Person search,2017-07-21T13:45:00+00:00,,,52.806513,-2.113825,Male,18-24,Black/African/Caribbean/Black British - Any other Black/African/Caribbean background,,Misuse of Drugs Act 1971 (section 23),Controlled drugs,Nothing found - no further action,,False
Person and Vehicle search,2017-07-21T13:45:00+00:00,,,52.806513,-2.113825,Female,25-34,Black/African/Caribbean/Black British - Any other Black/African/Caribbean background,,Misuse of Drugs Act 1971 (section 23),Controlled drugs,Nothing found - no further action,,False
Person search,2017-07-21T15:00:00+00:00,,,,,Male,10-17,Other ethnic group - Not stated,Black,Police and Criminal Evidence Act 1984 (section 1),Article for use in theft,Suspect arrested,False,False
Person search,2017-07-21T15:00:00+00:00,,,,,Male,10-17,Mixed/Multiple ethnic groups - White and Black Caribbean,Black,Police and Criminal Evidence Act 1984 (section 1),Article for use in theft,Suspect arrested,False,False
Person search,2017-07-21T17:24:00+00:00,,,52.805895,-1.619541,Male,25-34,Other ethnic group - Not stated,Asian,Firearms Act 1968 (section 47),Firearms,Nothing found - no further action,,False
Vehicle search,2017-07-21T19:55:00+00:00,,,52.792617,-2.128766,Other,,White - English/Welsh/Scottish/Northern Irish/British,,Misuse of Drugs Act 1971 (section 23),Controlled drugs,Nothing found - no further action,,
Person search,2017-07-21T22:54:00+00:00,,,53.011721,-2.226342,Male,25-34,White - English/Welsh/Scottish/Northern Irish/British,White,Misuse of Drugs Act 1971 (section 23),Controlled drugs,Nothing found - no further action,,False
Person search,2017-07-22T03:27:00+00:00,,,52.801502,-1.634678,Male,18-24,White - Any other White background,White,Police and Criminal Evidence Act 1984 (section 1),Offensive weapons,Nothing found - no further action,,False
Person search,2017-07-23T00:25:00+00:00,,,,,Male,18-24,Other ethnic group - Not stated,White,Misuse of Drugs Act 1971 (section 23),Controlled drugs,Nothing found - no further action,,False
Person and Vehicle search,2017-07-23T00:31:00+00:00,,,,,Male,18-24,White - English/Welsh/Scottish/Northern Irish/British,White,Misuse of Drugs Act 1971 (section 23),Controlled drugs,Nothing found - no further action,,False
Vehicle search,2017-07-23T00:55:00+00:00,,,,,Other,,,,Misuse of Drugs Act 1971 (section 23),Controlled drugs,Nothing found - no further action,,
Person search,2017-07-23T04:50:00+00:00,,,,,Male,over 34,White - English/Welsh/Scottish/Northern Irish/British,White,Police and Criminal Evidence Act 1984 (section 1),Offensive weapons,Nothing found - no further action,,False
Person search,2017-07-23T13:35:00+00:00,,,52.476933,-2.256594,Male,over 34,Asian/Asian British - Indian,,Police and Criminal Evidence Act 1984 (section 1),Stolen goods,Nothing found - no further action,,False
Person search,2017-07-24T10:45:00+00:00,,,53.054575,-2.170978,Male,10-17,White - English/Welsh/Scottish/Northern Irish/British,White,Misuse of Drugs Act 1971 (section 23),Controlled drugs,Nothing found - no further action,,False
Person search,2017-07-24T11:15:00+00:00,,,53.054575,-2.170978,Male,25-34,White - English/Welsh/Scottish/Northern Irish/British,,Misuse of Drugs Act 1971 (section 23),Controlled drugs,Local resolution,False,False
Person search,2017-07-24T15:42:00+00:00,,,53.064050,-2.164002,Other,,Other ethnic group - Not stated,,Misuse of Drugs Act 1971 (section 23),Controlled drugs,Nothing found - no further action,,False
Person search,2017-07-26T01:00:00+00:00,,,53.047371,-2.179556,Male,over 34,Black/African/Caribbean/Black British - Caribbean,Black,Police and Criminal Evidence Act 1984 (section 1),Stolen goods,Nothing found - no further action,,False
Person and Vehicle search,2017-07-26T10:49:00+00:00,,,,,Male,over 34,Black/African/Caribbean/Black British - Caribbean,Black,Misuse of Drugs Act 1971 (section 23),Controlled drugs,Suspect arrested,True,False
Person and Vehicle search,2017-07-26T10:49:00+00:00,,,52.822024,-2.127295,Male,25-34,Asian/Asian British - Pakistani,,Misuse of Drugs Act 1971 (section 23),Controlled drugs,Suspect arrested,True,False
Person search,2017-07-26T13:05:00+00:00,,,53.059462,-2.216909,Male,10-17,Asian/Asian British - Pakistani,Asian,Misuse of Drugs Act 1971 (section 23),Controlled drugs,Nothing found - no further action,,False
Person search,2017-07-26T13:39:00+00:00,,,52.997391,-2.227161,Male,18-24,Other ethnic group - Not stated,White,Misuse of Drugs Act 1971 (section 23),Controlled drugs,Suspect arrested,True,False
Person and Vehicle search,2017-07-26T15:31:00+00:00,,,53.006518,-2.220950,Other,,Other ethnic group - Not stated,,Misuse of Drugs Act 1971 (section 23),Controlled drugs,Nothing found - no further action,,False
Person search,2017-07-27T11:35:00+00:00,,,53.042850,-2.248908,Male,18-24,White - English/Welsh/Scottish/Northern Irish/British,,Police and Criminal Evidence Act 1984 (section 1),Offensive weapons,Nothing found - no further action,,False
Person search,2017-07-27T20:49:00+00:00,,,52.981599,-2.121852,Male,25-34,White - Any other White background,White,Misuse of Drugs Act 1971 (section 23),Controlled drugs,Nothing found - no further action,,False
Person and Vehicle search,2017-07-27T22:10:00+00:00,,,,,Male,25-34,Asian/Asian British - Pakistani,Asian,Misuse of Drugs Act 1971 (section 23),Controlled drugs,Nothing found - no further action,,False
Person search,2017-07-28T02:34:00+00:00,,,,,Male,25-34,White - English/Welsh/Scottish/Northern Irish/British,White,Police and Criminal Evidence Act 1984 (section 1),Article for use in theft,Suspect arrested,True,False
Person search,2017-07-28T09:43:00+00:00,,,52.805273,-1.597058,Male,25-34,Other ethnic group - Not stated,White,Police and Criminal Evidence Act 1984 (section 1),Stolen goods,Nothing found - no further action,,False
Person search,2017-07-28T12:25:00+00:00,,,53.017578,-2.282660,Male,25-34,White - English/Welsh/Scottish/Northern Irish/British,,Police and Criminal Evidence Act 1984 (section 1),Offensive weapons,Suspect arrested,False,False
Person and Vehicle search,2017-07-29T23:37:00+00:00,,,,,Male,18-24,Other ethnic group - Not stated,White,Misuse of Drugs Act 1971 (section 23),Controlled drugs,Nothing found - no further action,,False
Person and Vehicle search,2017-07-30T00:54:00+00:00,,,52.637301,-1.699927,Male,18-24,Other ethnic group - Not stated,White,Misuse of Drugs Act 1971 (section 23),Controlled drugs,Nothing found - no further action,,False
Person and Vehicle search,2017-07-30T01:09:00+00:00,,,52.637301,-1.699927,Male,18-24,White - English/Welsh/Scottish/Northern Irish/British,,Police and Criminal Evidence Act 1984 (section 1),Controlled drugs,Nothing found - no further action,,False
Person and Vehicle search,2017-07-30T01:23:00+00:00,,,52.637301,-1.699927,Male,18-24,White - English/Welsh/Scottish/Northern Irish/British,White,Misuse of Drugs Act 1971 (section 23),Controlled drugs,Nothing found - no further action,,False
Person search,2017-07-30T01:49:00+00:00,,,,,Female,over 34,White - English/Welsh/Scottish/Northern Irish/British,White,Police and Criminal Evidence Act 1984 (section 1),Stolen goods,Suspect arrested,False,False
Person search,2017-07-31T00:07:00+00:00,,,,,Male,over 34,Mixed/Multiple ethnic groups - White and Black Caribbean,White,Misuse of Drugs Act 1971 (section 23),Controlled drugs,Suspect arrested,True,False
Person search,2017-07-31T00:12:00+00:00,,,52.687983,-2.025669,Female,over 34,White - English/Welsh/Scottish/Northern Irish/British,White,Police and Criminal Evidence Act 1984 (section 1),Offensive weapons,Nothing found - no further action,,False
Person search,2017-07-31T02:00:00+00:00,,,53.038575,-2.188647,Other,,Other ethnic group - Not stated,,Misuse of Drugs Act 1971 (section 23),Controlled drugs,Nothing found - no further action,,False
Person search,2017-07-31T02:01:00+00:00,,,,,Male,over 34,White - English/Welsh/Scottish/Northern Irish/British,White,Misuse of Drugs Act 1971 (section 23),Controlled drugs,Nothing found - no further action,,False
Person search,2017-07-31T09:47:00+00:00,,,52.807129,-2.118173,Female,over 34,White - English/Welsh/Scottish/Northern Irish/British,,Police and Criminal Evidence Act 1984 (section 1),Stolen goods,Local resolution,True,False
Person search,2017-07-31T16:12:00+00:00,,,52.820100,-2.126844,Female,over 34,White - English/Welsh/Scottish/Northern Irish/British,White,Misuse of Drugs Act 1971 (section 23),Controlled drugs,Nothing found - no further action,,False
Person search,2017-07-31T17:00:00+00:00,,,53.001116,-2.183343,Other,,Other ethnic group - Not stated,,Misuse of Drugs Act 1971 (section 23),Controlled drugs,Suspect arrested,True,False
Person search,2017-07-31T18:00:00+00:00,,,52.810294,-2.141577,Male,18-24,White - English/Welsh/Scottish/Northern Irish/British,,Police and Criminal Evidence Act 1984 (section 1),Stolen goods,Nothing found - no further action,,False
Person search,2017-07-31T18:00:00+00:00,,,52.808671,-2.121678,Male,18-24,Other ethnic group - Not stated,White,Police and Criminal Evidence Act 1984 (section 1),Stolen goods,Nothing found - no further action,,False
Person search,2017-07-31T18:16:00+00:00,,,52.811353,-2.109580,Male,10-17,Other ethnic group - Not stated,,Police and Criminal Evidence Act 1984 (section 1),Article for use in theft,Nothing found - no further action,,False
Person search,2017-07-31T21:14:00+00:00,,,52.811353,-2.109580,Other,,White - English/Welsh/Scottish/Northern Irish/British,,Police and Criminal Evidence Act 1984 (section 1),Article for use in theft,Nothing found - no further action,,False
